concept_index,concept_name,ece,mce,brier_score,nll,base_rate
1,has_bill_shape::dagger,0.21390003659409018,0.6073952913284302,0.13530995652993563,0.4375809312295526,0.08507089241034195
2,has_bill_shape::hooked_seabird,0.22819061466710977,0.537127744067799,0.1240524664707919,0.4075461390208425,0.07005838198498748
3,has_bill_shape::all-purpose,0.13804467396501502,0.28481738842450655,0.2452420744014773,0.726523816213672,0.3944954128440367
4,has_bill_shape::cone,0.13103659572180756,0.6716082692146301,0.20421529761396282,0.6044368020470896,0.24520433694745622
5,has_wing_color::brown,0.14492368981478312,0.4781336637793994,0.216104252587472,0.6302578212781494,0.24437030859049208
6,has_wing_color::grey,0.14835807124309686,0.7279576539993287,0.20760612855573748,0.6161916386646787,0.22518765638031693
7,has_wing_color::yellow,0.2253735006178688,0.8198036551475525,0.11812472813285212,0.39811816112797793,0.07005838198498748
8,has_wing_color::black,0.16252476812104963,0.3343985000172177,0.27223370611838865,0.7817544412503626,0.4053377814845705
9,has_wing_color::white,0.14258319641571426,0.5853478908538818,0.1927897345207772,0.573849629179681,0.195162635529608
10,has_wing_color::buff,0.1985085860416728,0.918338418006897,0.1542771338058215,0.4794603161641192,0.11926605504587157
11,has_upperparts_color::brown,0.1542781040171865,0.47762358553555545,0.2181422162924962,0.63790254857569,0.23936613844870724
12,has_upperparts_color::grey,0.14988959826112686,0.42881743174332837,0.22138532118476278,0.6543476851315263,0.2602168473728107
13,has_upperparts_color::yellow,0.21810860677720906,0.39298272855354077,0.1203733148608578,0.40332611687201775,0.0750625521267723
14,has_upperparts_color::black,0.15238305974792105,0.35012087821960447,0.25750825767910696,0.752657166247204,0.3803169307756464
15,has_upperparts_color::white,0.15312402513347334,0.583894689877828,0.1704642744476173,0.5169179442216696,0.16013344453711426
16,has_upperparts_color::buff,0.2079880199425413,0.7392981648445129,0.15221204137276856,0.4782572437692946,0.1042535446205171
17,has_underparts_color::brown,0.23390372691550185,0.579192544732775,0.11781930842487363,0.3993325386168412,0.05504587155963303
18,has_underparts_color::grey,0.20726527473745596,0.7374982833862305,0.1368373969086947,0.4450117601415731,0.08507089241034195
19,has_underparts_color::yellow,0.16455440160144957,0.3729188571105132,0.14427696751110083,0.45254139696481677,0.1501251042535446
20,has_underparts_color::black,0.17292025333598218,0.42605971748178656,0.15529099388549017,0.48342621909435823,0.14011676396997497
21,has_underparts_color::white,0.1713398111280399,0.31604079432724935,0.27423366530730486,0.8020035077833662,0.44036697247706424
22,has_underparts_color::buff,0.1805415612344845,0.9386110305786133,0.16699294795215042,0.5106629122318925,0.13427856547122602
23,has_breast_pattern::solid,0.16182824703332682,0.4186553758079723,0.25807249899702567,0.7406962817248184,0.6346955796497081
24,has_breast_pattern::striped,0.23446518980631537,0.7291239500045776,0.11035537743561634,0.3861671634099203,0.05004170141784821
25,has_breast_pattern::multi-colored,0.21879460041825227,0.5966703570806063,0.13325950928532637,0.437099079516801,0.0750625521267723
26,has_back_color::brown,0.13036711827181496,0.48846627712249757,0.19844844080581164,0.5831782370230946,0.21434528773978315
27,has_back_color::grey,0.16469718297140312,0.5593239496915768,0.2217569788922985,0.6564121097652513,0.24020016680567138
28,has_back_color::yellow,0.2317007858992816,0.5727251370747884,0.1092668577584521,0.37992102262549243,0.05504587155963303
29,has_back_color::black,0.14154831124306522,0.426404819295213,0.2226260422890106,0.6552678932054427,0.2652210175145955
30,has_back_color::white,0.18942822419026173,0.5563725715591794,0.14342834944931748,0.4511296024299021,0.11509591326105087
31,has_back_color::buff,0.21103569029444355,0.5489460706710816,0.14710737802944557,0.4621839861387855,0.10008340283569642
32,has_tail_shape::notched_tail,0.13915958122239203,0.5489427447319031,0.21444893998227202,0.6277579705512851,0.25020850708924103
33,has_upper_tail_color::brown,0.16820696523231302,0.5913435022036235,0.17112163145418616,0.5164202614574754,0.14929107589658047
34,has_upper_tail_color::grey,0.16207458912779432,0.8517126441001892,0.193862886041523,0.5761987531031043,0.17514595496246874
35,has_upper_tail_color::black,0.12485952060157006,0.2991993069648743,0.22176338330951126,0.6496138023699962,0.30525437864887406
36,has_upper_tail_color::white,0.18157887845933188,0.6000948410767775,0.14852552234114463,0.4655945160914775,0.12010008340283569
37,has_upper_tail_color::buff,0.23827431296884663,0.5632167061169943,0.11744683090065082,0.4014052564885663,0.05421184320266889
38,has_head_pattern::eyebrow,0.23846927681025912,0.46326377562114174,0.10377573414116012,0.37445726237563515,0.040033361134278564
39,has_head_pattern::plain,0.1485245748795103,0.9357483983039856,0.2096029231843931,0.6223703945685548,0.2151793160967473
40,has_breast_color::brown,0.2323794812523295,0.7146353125572205,0.12346218248462838,0.4121419673442244,0.060050041701417846
41,has_breast_color::grey,0.22427388237132143,0.5249469437097248,0.13023129917886592,0.43026464102204093,0.07005838198498748
42,has_breast_color::yellow,0.16981579149584655,0.3167427832430059,0.14165808392711446,0.4460338571740375,0.1451209341117598
43,has_breast_color::black,0.1657408444557317,0.5897440314292908,0.17670365840389532,0.5393875445525866,0.1701417848206839
44,has_breast_color::white,0.158827768031312,0.39350818551105005,0.26086966913143206,0.7677670867396698,0.3853211009174312
45,has_breast_color::buff,0.19311228385808768,0.9117141366004944,0.16393315900354447,0.5030083171572781,0.11926605504587157
46,has_throat_color::grey,0.23663653386096542,0.6081339120864868,0.11031312403932375,0.3860464621338375,0.045037531276063386
47,has_throat_color::yellow,0.19629216951017486,0.40474757977894377,0.13323625838042194,0.4310078442755394,0.10508757297748124
48,has_throat_color::black,0.16391321627098485,0.4536898991335993,0.1980673998993121,0.5898721278179049,0.195162635529608
49,has_throat_color::white,0.15262895137121318,0.338554530862778,0.24836158592092608,0.7323304898671812,0.35529608006672225
50,has_throat_color::buff,0.23391883535072944,0.7203167080879211,0.13134203326248464,0.4329651757325974,0.06422018348623854
51,has_eye_color::black,0.24847770219449705,0.488747900724411,0.10692716386670728,0.3776312194612371,0.9599666388657214
52,has_bill_length::about_the_same_as_head,0.12602512282416461,0.2816293710156491,0.22459092608369302,0.6686784577873645,0.3394495412844037
53,has_bill_length::shorter_than_head,0.11809678878433214,0.22335022620179434,0.22223370623995414,0.6645692378170696,0.6255212677231026
54,has_forehead_color::blue,0.2375875321450683,0.751800000667572,0.10476494082561022,0.3737785631574821,0.045037531276063386
55,has_forehead_color::brown,0.18286563941992948,0.9258015155792236,0.1631320688694731,0.49931895291297584,0.12427022518765637
56,has_forehead_color::grey,0.18997986455004445,0.8245570659637451,0.15452931651527735,0.48322436820600706,0.11009174311926606
57,has_forehead_color::yellow,0.21974012590602995,0.4231404131405974,0.12434728075608319,0.4120765360013222,0.0750625521267723
58,has_forehead_color::black,0.15692857048902242,0.4289255142211914,0.25014430234689783,0.7356299182588081,0.32527105921601335
59,has_forehead_color::white,0.2218375200960316,0.42106411457061765,0.12397353909004412,0.409034569375683,0.0750625521267723
60,has_under_tail_color::brown,0.16903397821828264,0.5039797516969534,0.18066436335899824,0.5414532598502642,0.1542952460383653
61,has_under_tail_color::grey,0.17373903004997865,0.9306305646896362,0.17387344229828022,0.5279643032404658,0.14011676396997497
62,has_under_tail_color::black,0.1385985587795791,0.2960560484365984,0.24965652988112366,0.721386428723567,0.37531276063386154
63,has_under_tail_color::white,0.1677348781330472,0.44178449584726703,0.1654262278760951,0.5061792656810359,0.15512927439532945
64,has_under_tail_color::buff,0.23119280258002534,0.6378027730517917,0.13364424063566727,0.43539325342054563,0.07422852376980818
65,has_nape_color::brown,0.20262233245561678,0.9092907309532166,0.1496448718656785,0.4710305877001933,0.09924937447873228
66,has_nape_color::grey,0.15615273520561734,0.8278682231903076,0.1745784822351008,0.5320201205148721,0.15512927439532945
67,has_nape_color::yellow,0.22772415883348224,0.4332700252532959,0.11053521372246293,0.3833789828391101,0.060050041701417846
68,has_nape_color::black,0.13180835054157372,0.638931793825967,0.19865692084480072,0.5889612266885503,0.22018348623853212
69,has_nape_color::white,0.14144064763170963,0.38949403422219414,0.1674979066445036,0.5119673897356131,0.18515429524603835
70,has_nape_color::buff,0.2249398584958411,0.8047915101051331,0.14020968897763247,0.45096731774844506,0.08006672226855713
71,has_belly_color::brown,0.24324944689932024,0.7230512499809265,0.11251373247931652,0.389763986749312,0.045037531276063386
72,has_belly_color::grey,0.21104301173578607,0.7330989241600037,0.13654885268188138,0.4446085230373561,0.08006672226855713
73,has_belly_color::yellow,0.1718398018509423,0.37210849740288476,0.1455461734422536,0.45468022370030536,0.1451209341117598
74,has_belly_color::black,0.19627504363917028,0.45994991064071655,0.14420847650789767,0.4551896102776172,0.11509591326105087
75,has_belly_color::white,0.15924211024144375,0.2635382674405911,0.26193720508758167,0.7737407038057047,0.4103419516263553
76,has_belly_color::buff,0.19129764030783047,0.9211553335189819,0.16154330418939541,0.497578437540298,0.11926605504587157
77,has_wing_shape::rounded-wings,0.17177893764792232,0.42234981060028076,0.2749924437381032,0.7795311641080105,0.42535446205170974
78,has_wing_shape::pointed-wings,0.21017772462638443,0.8242682814598083,0.14687067823990702,0.4644489221840326,0.09007506255212677
79,has_size::small_(5_-_9_in),0.13205308159556955,0.36435715809012903,0.2217841230871801,0.6776948953450334,0.6505421184320267
80,has_size::medium_(9_-_16_in),0.14838619845871928,0.4285266759260645,0.15556950284223153,0.48475743091088086,0.18515429524603835
81,has_size::very_small_(3_-_5_in),0.21989047958564523,0.5500956446893753,0.12940359976764954,0.4241240979378128,0.0750625521267723
82,has_shape::duck-like,0.24134136753792165,0.43296368447217076,0.10209556054563224,0.3652042854543126,0.045037531276063386
83,has_shape::perching-like,0.0970645305250862,0.2011704309420152,0.19620084353830464,0.6181503704899567,0.6046705587989991
84,has_back_pattern::solid,0.14670245968321144,0.29272938013076777,0.26840729870108965,0.7656582633415555,0.49958298582151794
85,has_back_pattern::striped,0.18807679937967564,0.9153652787208557,0.156708703572121,0.4822554289098453,0.12510425354462051
86,has_back_pattern::multi-colored,0.2146055255026197,0.8085341453552246,0.1257414831551491,0.41799939123508184,0.0750625521267723
87,has_tail_pattern::solid,0.1613797420780295,0.3366157172881451,0.2764363275476961,0.7916636690916843,0.4153461217681401
88,has_tail_pattern::striped,0.23662645322541778,0.7027319073677063,0.11363370876385812,0.3933377334408406,0.04920767306088407
89,has_tail_pattern::multi-colored,0.1898102568178201,0.48828397194544476,0.16079726526170235,0.5013536167912825,0.12510425354462051
90,has_belly_pattern::solid,0.16203963542799832,0.6824103221297264,0.23220096803878237,0.6809977154753126,0.749791492910759
91,has_primary_color::brown,0.1481190541381633,0.4955858377849354,0.1868454416200597,0.556384936333933,0.19432860717264386
92,has_primary_color::grey,0.15988897363514676,0.917589008808136,0.20606268085342247,0.6105057622583349,0.20016680567139283
93,has_primary_color::yellow,0.16699039077912897,0.37362597205422143,0.14399671481516854,0.4505899906382928,0.1451209341117598
94,has_primary_color::black,0.13771265050748968,0.4092898699972365,0.22372941147214687,0.6564314104414687,0.28523769808173477
95,has_primary_color::white,0.13391213792005713,0.5096090467352616,0.18793187921746696,0.5662021400085382,0.21017514595496248
96,has_primary_color::buff,0.21882229588546784,0.9290652275085449,0.14712001760519078,0.466519447883981,0.09007506255212677
97,has_leg_color::grey,0.14400987935449006,0.5228741043492368,0.21523849779059925,0.6334491604651706,0.23519599666388658
98,has_leg_color::black,0.15931128642775796,0.6137861410776775,0.2392018049234142,0.6939079301250016,0.2652210175145955
99,has_leg_color::buff,0.19366544661569635,0.9024289846420288,0.16090171503600847,0.49830445539116164,0.11926605504587157
100,has_bill_color::grey,0.177889684943779,0.4995357394218445,0.15592023549110665,0.484047693105646,0.12510425354462051
101,has_bill_color::black,0.1886713359756605,0.44955383790166753,0.29849879707350163,0.8413231442880517,0.4954128440366973
102,has_bill_color::buff,0.24216256752374074,0.6290932297706604,0.11480191200965097,0.39530896457895526,0.05004170141784821
103,has_crown_color::blue,0.23272602937438272,0.7270572185516357,0.10695752389937899,0.3786725862304353,0.05004170141784821
104,has_crown_color::brown,0.17185700061522097,0.5905929605166118,0.1679956846326623,0.5113070735799535,0.13928273561301086
105,has_crown_color::grey,0.1902269599858277,0.8856983184814453,0.1525196169667404,0.4809408440138893,0.11009174311926606
106,has_crown_color::yellow,0.23146118902856852,0.4812854131062826,0.11304311001339569,0.38998567387834504,0.05504587155963303
107,has_crown_color::black,0.13490562067616474,0.3978966153584994,0.24224179538061946,0.7083845741901581,0.32527105921601335
108,has_crown_color::white,0.22148203448368373,0.5048586942932822,0.12675089869567233,0.41533550879824055,0.0750625521267723
109,has_wing_pattern::solid,0.10946844170200914,0.41483325958251954,0.2143827216900077,0.6334525071876007,0.28523769808173477
110,has_wing_pattern::spotted,0.24339075131128984,0.8102167844772339,0.11241944977655502,0.38814441535662275,0.045037531276063386
111,has_wing_pattern::striped,0.1492852283435081,0.3826734224955241,0.1946574011768681,0.572814749122024,0.2043369474562135
112,has_wing_pattern::multi-colored,0.14897321218048365,0.5924628831091381,0.20799369338770743,0.6146711120288741,0.22018348623853212
