concept_index,concept_name,roc_auc_spike,roc_auc_post,roc_auc_pre,delta_post_minus_spike,delta_pre_minus_spike,delta_pre_minus_post
1,has_bill_shape::dagger,0.5910612013600303,0.6365670570457121,0.6397072157159048,0.045505855685681884,0.04864601435587457,0.003140158670192683
2,has_bill_shape::hooked_seabird,0.7918547053279742,0.7921124339264894,0.7960284185940824,0.00025772859851525,0.004173713266108159,0.003915984667592909
3,has_bill_shape::all-purpose,0.635233605172697,0.6439633993248961,0.645091238217453,0.0087297941521991,0.009857633044755953,0.0011278388925568539
4,has_bill_shape::cone,0.5998068004183997,0.5940350558491279,0.6025339626569162,-0.005771744569271875,0.002727162238516434,0.008498906807788309
5,has_wing_color::brown,0.6293895381289809,0.6392092644887373,0.638691762394944,0.009819726359756364,0.009302224265963055,-0.0005175020937933095
6,has_wing_color::grey,0.5627186657322526,0.583669729168439,0.5895748854600031,0.020951063436186357,0.02685621972775054,0.005905156291564184
7,has_wing_color::yellow,0.7128331926238812,0.7462636177091431,0.7429900602486209,0.03343042508526184,0.03015686762473968,-0.0032735574605221585
8,has_wing_color::black,0.5652134239389162,0.5669429530263663,0.5715891201489706,0.0017295290874501656,0.006375696210054405,0.004646167122604239
9,has_wing_color::white,0.5562188651470963,0.5865969548154727,0.5852330523449673,0.030378089668376407,0.029014187197870966,-0.0013639024705054403
10,has_wing_color::buff,0.6628239441873408,0.6669885467143787,0.6740866723498612,0.004164602527037875,0.011262728162520386,0.007098125635482511
11,has_upperparts_color::brown,0.6354106139019859,0.6527747286786392,0.6584073638450021,0.017364114776653228,0.022996749943016148,0.00563263516636292
12,has_upperparts_color::grey,0.5628579329490802,0.5756643937322472,0.5820814894627298,0.01280646078316705,0.019223556513649598,0.006417095730482547
13,has_upperparts_color::yellow,0.7322741347779537,0.7554450445565454,0.7540718854244722,0.02317090977859171,0.021797750646518566,-0.0013731591320731429
14,has_upperparts_color::black,0.5663124456353852,0.5722900763746626,0.5754814570936169,0.005977630739277373,0.00916901145823168,0.0031913807189543064
15,has_upperparts_color::white,0.6289095164193489,0.6567323228028403,0.6579653684255283,0.02782280638349144,0.02905585200617944,0.0012330456226880004
16,has_upperparts_color::buff,0.6040429062332716,0.6054274846668142,0.6087908171995411,0.0013845784335425604,0.004747910966269475,0.003363332532726915
17,has_underparts_color::brown,0.6103476877242873,0.6122373439862775,0.6120037465863182,0.0018896562619902246,0.001656058862030907,-0.00023359739995931772
18,has_underparts_color::grey,0.5429613327542987,0.5473438245604694,0.5445085152650175,0.004382491806170674,0.0015471825107188364,-0.0028353092954518377
19,has_underparts_color::yellow,0.7454339786178352,0.756467765156106,0.7636285133482441,0.011033786538270807,0.018194534730408884,0.007160748192138078
20,has_underparts_color::black,0.6287671482391842,0.6255701108820284,0.6181772271034313,-0.0031970373571558186,-0.010589921135752967,-0.007392883778597148
21,has_underparts_color::white,0.6006545713992523,0.6114345728707431,0.6128563282818602,0.01078000147149083,0.01220175688260794,0.0014217554111171093
22,has_underparts_color::buff,0.5927151509448597,0.592109998181617,0.5981179100548948,-0.000605152763242689,0.005402759110035071,0.00600791187327776
23,has_breast_pattern::solid,0.5854362265438002,0.6008012581147927,0.600896595269444,0.015365031570992449,0.015460368725643714,9.533715465126491e-05
24,has_breast_pattern::striped,0.5976287631483497,0.617948468832582,0.616814990414011,0.02031970568423236,0.019186227265661326,-0.0011334784185710323
25,has_breast_pattern::multi-colored,0.5679339310466595,0.5471595646893092,0.5504790785692201,-0.020774366357350305,-0.017454852477439387,0.003319513879910918
26,has_back_color::brown,0.6209104659562941,0.6280877940011946,0.6307358886372793,0.007177328044900566,0.009825422680985185,0.002648094636084619
27,has_back_color::grey,0.5650146070449498,0.5775561517835351,0.5867201163698635,0.012541544738585375,0.021705509324913774,0.0091639645863284
28,has_back_color::yellow,0.7498293218387728,0.7703609006452304,0.7731084843779283,0.020531578806457618,0.023279162539155518,0.0027475837326979002
29,has_back_color::black,0.5850168892624762,0.6039611157809532,0.6082410261199838,0.018944226518477048,0.02322413685750757,0.004279910339030524
30,has_back_color::white,0.683871191462738,0.7163101604278075,0.7200729539257003,0.03243896896506948,0.03620176246296225,0.003762793497892769
31,has_back_color::buff,0.6090053108108817,0.6236139727277017,0.632351842531574,0.014608661916819976,0.023346531720692232,0.008737869803872256
32,has_tail_shape::notched_tail,0.5834879808919051,0.613344379246846,0.6189365716873905,0.029856398354940916,0.035448590795485346,0.00559219244054443
33,has_upper_tail_color::brown,0.6086310217853657,0.633259575109437,0.6331628492899153,0.024628553324071323,0.02453182750454963,-9.672581952169246e-05
34,has_upper_tail_color::grey,0.5489984459342301,0.565110939877587,0.5672276252611042,0.016112493943356898,0.018229179326874068,0.0021166853835171695
35,has_upper_tail_color::black,0.6080718616015598,0.6092613366834398,0.6127036506174772,0.0011894750818800537,0.004631789015917431,0.0034423139340373776
36,has_upper_tail_color::white,0.6564260827413859,0.6868749013815818,0.6841595009872503,0.030448818640195885,0.027733418245864394,-0.002715400394331491
37,has_upper_tail_color::buff,0.5983885211216448,0.601731911299989,0.6004152137590353,0.0033433901783442854,0.002026692637390526,-0.0013166975409537596
38,has_head_pattern::eyebrow,0.552023316528628,0.5649876965550354,0.5633214800144041,0.01296438002640743,0.011298163485776058,-0.0016662165406313711
39,has_head_pattern::plain,0.5942200868279754,0.594407247648024,0.5934162629240779,0.00018716082004854862,-0.0008038239038975492,-0.0009909847239460978
40,has_breast_color::brown,0.6405416562811566,0.641776753074111,0.6400216018610834,0.0012350967929544154,-0.0005200544200731905,-0.001755151213027606
41,has_breast_color::grey,0.5346039645983731,0.5504012762596513,0.5511378105761991,0.01579731166127818,0.016533845977826034,0.0007365343165478544
42,has_breast_color::yellow,0.7496798045099881,0.7569927173400011,0.7625670377916944,0.0073129128300130075,0.012887233281706378,0.005574320451693371
43,has_breast_color::black,0.5887535326881175,0.5914474039045944,0.5878766095488798,0.0026938712164769063,-0.0008769231392377064,-0.0035707943557146127
44,has_breast_color::white,0.6203837757876873,0.6278387414586917,0.6273371248094531,0.007454965671004343,0.006953349021765809,-0.0005016166492385343
45,has_breast_color::buff,0.5904892587346553,0.6020949142124112,0.6053317142373545,0.011605655477755938,0.014842455502699248,0.0032368000249433093
46,has_throat_color::grey,0.5446086561590607,0.535325404968965,0.5365136503557671,-0.009283251190095765,-0.008095005803293587,0.001188245386802178
47,has_throat_color::yellow,0.6818507965769247,0.7108688336846247,0.7162568059785216,0.029018037107700012,0.03440600940159688,0.00538797229389687
48,has_throat_color::black,0.5904373361626802,0.6033988272858859,0.6040816428446307,0.01296149112320566,0.013644306681950491,0.0006828155587448315
49,has_throat_color::white,0.6156073531679928,0.6314635163594153,0.6345023258469991,0.01585616319142258,0.018894972679006306,0.003038809487583727
50,has_throat_color::buff,0.5985790077205219,0.6261722155462878,0.623409065918962,0.02759320782576591,0.024830058198440086,-0.0027631496273258227
51,has_eye_color::black,0.7932009516176779,0.8124855596710492,0.8143036873379976,0.019284608053371288,0.021102735720319732,0.0018181276669484436
52,has_bill_length::about_the_same_as_head,0.6753221562219012,0.6811784129400269,0.6888813573207172,0.00585625671812573,0.013559201098816032,0.007702944380690302
53,has_bill_length::shorter_than_head,0.6817414521859075,0.6878141178721752,0.6901217726509232,0.006072665686267631,0.00838032046501569,0.0023076547787480584
54,has_forehead_color::blue,0.6307060859187724,0.6545255122699365,0.6677654395928101,0.023819426351164075,0.037059353674037676,0.013239927322873601
55,has_forehead_color::brown,0.5859922449804519,0.6043111698247559,0.6071586031327924,0.018318924844303974,0.02116635815234047,0.0028474333080364955
56,has_forehead_color::grey,0.5317740813895855,0.5439229676646175,0.5483560442974766,0.012148886275031967,0.016581962907891157,0.00443307663285919
57,has_forehead_color::yellow,0.686015103187396,0.6986639488072734,0.6995327554226063,0.012648845619877447,0.013517652235210287,0.00086880661533284
58,has_forehead_color::black,0.5336893520347282,0.5506203814951935,0.5563544419375341,0.01693102946046532,0.022665089902805913,0.005734060442340594
59,has_forehead_color::white,0.7563749898543616,0.7631794048833164,0.7709463322193717,0.006804415028954791,0.01457134236501012,0.007766927336055329
60,has_under_tail_color::brown,0.5934449843466618,0.6201885913650279,0.6218819379863509,0.02674360701836609,0.028436953639689122,0.001693346621323033
61,has_under_tail_color::grey,0.5537887483392165,0.5782425569383407,0.5836695846665462,0.02445380859912416,0.02988083632732963,0.005427027728205469
62,has_under_tail_color::black,0.5784616152853044,0.5875177471986661,0.5882368304196022,0.009056131913361742,0.009775215134297799,0.0007190832209360565
63,has_under_tail_color::white,0.670739077889442,0.7011378230934492,0.7014434820819836,0.030398745204007205,0.030704404192541612,0.00030565898853440743
64,has_under_tail_color::buff,0.621547636315913,0.6353927069086991,0.6424120525785015,0.013845070592786057,0.020864416262588503,0.007019345669802446
65,has_nape_color::brown,0.5799381831446475,0.6205396109902421,0.6251918341823108,0.04060142784559462,0.04525365103766332,0.004652223192068705
66,has_nape_color::grey,0.5616297483935538,0.545985361600341,0.5428537091047767,-0.015644386793212894,-0.018776039288777135,-0.003131652495564241
67,has_nape_color::yellow,0.7453010759388502,0.7436731472249918,0.7466569042871387,-0.0016279287138584175,0.0013558283482885125,0.00298375706214693
68,has_nape_color::black,0.5729296640849204,0.5899506251474782,0.5890790479528383,0.017020961062557793,0.016149383867917866,-0.0008715771946399276
69,has_nape_color::white,0.6927544374718083,0.7105215364770866,0.7182521940063467,0.017767099005278286,0.02549775653453834,0.007730657529260054
70,has_nape_color::buff,0.5926510036600059,0.5876347333586643,0.5942583454305135,-0.005016270301341552,0.0016073417705075865,0.006623612071849139
71,has_belly_color::brown,0.6164926845306592,0.600197271083347,0.6004486547208066,-0.016295413447312224,-0.016044029809852645,0.00025138363745957903
72,has_belly_color::grey,0.5432472488823056,0.5538847912397108,0.5444253934757759,0.010637542357405216,0.0011781445934703205,-0.009459397763934896
73,has_belly_color::yellow,0.7530220746937938,0.7634537364773447,0.7701781349320599,0.010431661783550927,0.017156060238266102,0.006724398454715175
74,has_belly_color::black,0.6599166755910946,0.6595033258368137,0.6558886350384941,-0.0004133497542808673,-0.00402804055260042,-0.003614690798319553
75,has_belly_color::white,0.6142393364461072,0.6251763274532837,0.6246111294828386,0.010936991007176489,0.010371793036731414,-0.0005651979704450749
76,has_belly_color::buff,0.5889823694520788,0.5942528102270223,0.6017262260866436,0.00527044077494343,0.012743856634564787,0.007473415859621357
77,has_wing_shape::rounded-wings,0.5903218506044737,0.5979794298868923,0.6048274548834854,0.007657579282418614,0.014505604279011708,0.006848024996593094
78,has_wing_shape::pointed-wings,0.6012094381332221,0.5874403317341157,0.5885586478162047,-0.013769106399106446,-0.012650790317017435,0.0011183160820890103
79,has_size::small_(5_-_9_in),0.6885567213052355,0.6912907423521688,0.6974746534910989,0.0027340210469333215,0.008917932185863453,0.0061839111389301316
80,has_size::medium_(9_-_16_in),0.8136786486690889,0.8349922455707675,0.8429375515181569,0.021313596901678555,0.029258902849067958,0.007945305947389403
81,has_size::very_small_(3_-_5_in),0.6346519884219742,0.6418534568054441,0.6409172701080995,0.007201468383469911,0.006265281686125279,-0.000936186697344632
82,has_shape::duck-like,0.8661271396245014,0.8707620591925438,0.8701718420934713,0.004634919568042406,0.00404470246896993,-0.0005902170990724764
83,has_shape::perching-like,0.7441162572223048,0.7579776856117442,0.7570593303675366,0.013861428389439379,0.012943073145231798,-0.0009183552442075804
84,has_back_pattern::solid,0.579572081172246,0.5828800655055368,0.5805506845159405,0.0033079843332908254,0.000978603343694484,-0.0023293809895963413
85,has_back_pattern::striped,0.6349457355585049,0.667906727822578,0.6691096758924958,0.03296099226407312,0.03416394033399095,0.0012029480699178308
86,has_back_pattern::multi-colored,0.5889277040683099,0.5720360701339342,0.5773900197131989,-0.01689163393437565,-0.011537684355110933,0.005353949579264716
87,has_tail_pattern::solid,0.5641809518577416,0.5597778696264386,0.5552595668962842,-0.004403082231303035,-0.008921384961457446,-0.004518302730154411
88,has_tail_pattern::striped,0.5569173556988567,0.5828524563224093,0.566472408787557,0.025935100623552643,0.009555053088700305,-0.016380047534852338
89,has_tail_pattern::multi-colored,0.5787659347224371,0.5979088228720753,0.6004338800350714,0.01914288814963816,0.021667945312634274,0.002525057162996114
90,has_belly_pattern::solid,0.5875441981464071,0.6031804363238444,0.6037078279364394,0.01563623817743731,0.016163629790032275,0.0005273916125949629
91,has_primary_color::brown,0.6461597230692715,0.6635064717712769,0.6685275904814044,0.017346748702005366,0.022367867412132925,0.005021118710127559
92,has_primary_color::grey,0.5635108071846335,0.5740510716463059,0.5832254519471003,0.010540264461672333,0.01971464476246676,0.009174380300794427
93,has_primary_color::yellow,0.7484275708804474,0.7596448591799754,0.7660994631395329,0.01121728829952795,0.017671892259085498,0.006454603959557548
94,has_primary_color::black,0.6101698955421723,0.625845232210019,0.6254525141285976,0.015675336667846707,0.015282618586425323,-0.00039271808142138376
95,has_primary_color::white,0.6635734350563438,0.6943801739857993,0.6973047472021497,0.030806738929455513,0.033731312145805936,0.0029245732163504234
96,has_primary_color::buff,0.6018349917306075,0.6045976014243237,0.615642617646793,0.0027626096937162226,0.013807625916185451,0.011045016222469228
97,has_leg_color::grey,0.5868799554586911,0.5941963994188135,0.5886243143304928,0.007316443960122432,0.0017443588718016878,-0.005572085088320744
98,has_leg_color::black,0.5745737773202295,0.57651400446487,0.5772540732088322,0.0019402271446404828,0.002680295888602635,0.0007400687439621523
99,has_leg_color::buff,0.5904639204384925,0.6142979035994801,0.6157840311917273,0.023833983160987615,0.025320110753234815,0.0014861275922471995
100,has_bill_color::grey,0.5756948039818881,0.5787772259960515,0.5836601256683843,0.0030824220141634218,0.007965321686496218,0.004882899672332797
101,has_bill_color::black,0.5510664012097363,0.5661261451047254,0.5698738634742886,0.015059743894989097,0.01880746226455232,0.0037477183695632243
102,has_bill_color::buff,0.6440225533362788,0.6576870388144898,0.6698809995378623,0.013664485478210975,0.025858446201583507,0.012193960723372532
103,has_crown_color::blue,0.6213415742592255,0.6682179411376026,0.6748006722947674,0.04687636687837704,0.05345909803554183,0.0065827311571647895
104,has_crown_color::brown,0.5766363706341705,0.6129984956503711,0.6181578467806254,0.03636212501620062,0.04152147614645485,0.0051593511302542305
105,has_crown_color::grey,0.5467265485904516,0.5359518262014847,0.5368947382803386,-0.010774722388966818,-0.009831810310112932,0.0009429120788538858
106,has_crown_color::yellow,0.6917492910833536,0.6894246216894824,0.6950682263304461,-0.002324669393871215,0.0033189352470924804,0.005643604640963695
107,has_crown_color::black,0.5490519266300065,0.5668322358627695,0.5679390329197387,0.01778030923276308,0.018887106289732225,0.0011067970569691443
108,has_crown_color::white,0.7349465192520106,0.7324617200650733,0.7418768725319631,-0.0024847991869373365,0.006930353279952506,0.009415152466889842
109,has_wing_pattern::solid,0.5999094767689293,0.5923153783281653,0.589201795751642,-0.0075940984407639744,-0.010707681017287252,-0.003113582576523277
110,has_wing_pattern::spotted,0.7153976804343499,0.7533265584581712,0.7564122061457119,0.03792887802382128,0.04101452571136199,0.0030856476875407157
111,has_wing_pattern::striped,0.6179385150389629,0.6396649916247905,0.641798849319059,0.021726476585827603,0.02386033428009604,0.0021338576942684373
112,has_wing_pattern::multi-colored,0.5687547655847501,0.5888493044822257,0.5936832388803023,0.02009453889747559,0.024928473295552145,0.004833934398076556
