concept_index,concept_name,roc_auc,accuracy,precision,recall,f1
1,has_bill_shape::dagger,0.6365670570457121,0.9016223679668622,0.21311475409836064,0.052,0.08360128617363344
2,has_bill_shape::hooked_seabird,0.7921124339264894,0.9159475319295823,0.2594594594594595,0.12060301507537688,0.1646655231560892
3,has_bill_shape::all-purpose,0.6439633993248961,0.6163272350707628,0.5235457063711911,0.48774193548387096,0.5050100200400801
4,has_bill_shape::cone,0.5940350558491279,0.7045219192267863,0.3344370860927152,0.21458923512747877,0.2614322691975841
5,has_wing_color::brown,0.6392092644887373,0.7229892992751122,0.4043956043956044,0.25716282320055905,0.31439555745407943
6,has_wing_color::grey,0.583669729168439,0.732136693130825,0.3460490463215259,0.19155354449472098,0.24660194174757283
7,has_wing_color::yellow,0.7462636177091431,0.9199171556782879,0.31496062992125984,0.09592326139088729,0.14705882352941177
8,has_wing_color::black,0.5669429530263663,0.5750776665516051,0.46876537137235613,0.40813704496788006,0.43635531135531136
9,has_wing_color::white,0.5865969548154727,0.7707973765964791,0.2874015748031496,0.13129496402877697,0.18024691358024691
10,has_wing_color::buff,0.6669885467143787,0.8615809458060062,0.29959514170040485,0.10526315789473684,0.15578947368421053
11,has_upperparts_color::brown,0.6527747286786392,0.7326544701415257,0.42255125284738043,0.2625619249823071,0.3238760366652117
12,has_upperparts_color::grey,0.5756643937322472,0.6908871246116672,0.3494736842105263,0.22059800664451829,0.2704684317718941
13,has_upperparts_color::yellow,0.7554450445565454,0.9140490162236796,0.3333333333333333,0.11409395973154363,0.17
14,has_upperparts_color::black,0.5722900763746626,0.5881946841560235,0.44281045751633985,0.37362132352941174,0.405284147557328
15,has_upperparts_color::white,0.6567323228028403,0.8208491542975492,0.3738532110091743,0.17564655172413793,0.23900293255131966
16,has_upperparts_color::buff,0.6054274846668142,0.8759061097687263,0.16233766233766234,0.04065040650406504,0.06501950585175553
17,has_underparts_color::brown,0.6122373439862775,0.9389023127373145,0.08333333333333333,0.009259259259259259,0.016666666666666666
18,has_underparts_color::grey,0.5473438245604694,0.9073179150845703,0.1,0.016913319238900635,0.028933092224231464
19,has_underparts_color::yellow,0.756467765156106,0.8394891266827753,0.45866141732283466,0.26238738738738737,0.333810888252149
20,has_underparts_color::black,0.6255701108820284,0.8401794960303762,0.2730627306273063,0.0921544209215442,0.1378026070763501
21,has_underparts_color::white,0.6114345728707431,0.5900931998619261,0.5342293154136917,0.5011820330969267,0.5171782882699736
22,has_underparts_color::buff,0.592109998181617,0.8394891266827753,0.23247232472324722,0.08025477707006369,0.11931818181818182
23,has_breast_pattern::solid,0.6008012581147927,0.6121850189851571,0.6757736943907157,0.7552012969467712,0.7132831440602271
24,has_breast_pattern::striped,0.617948468832582,0.9477045219192268,0.07407407407407407,0.007142857142857143,0.013029315960912053
25,has_breast_pattern::multi-colored,0.5471595646893092,0.9145667932343804,0.1,0.013422818791946308,0.023668639053254437
26,has_back_color::brown,0.6280877940011946,0.750776665516051,0.37351190476190477,0.1970172684458399,0.2579650565262076
27,has_back_color::grey,0.5775561517835351,0.7134967207455989,0.34394124847001223,0.2,0.25292529252925294
28,has_back_color::yellow,0.7703609006452304,0.9368312046945115,0.33035714285714285,0.11280487804878049,0.16818181818181818
29,has_back_color::black,0.6039611157809532,0.7055574732481877,0.39183673469387753,0.2570281124497992,0.3104284559417947
30,has_back_color::white,0.7163101604278075,0.8665861235761132,0.3122923588039867,0.14242424242424243,0.19562955254942768
31,has_back_color::buff,0.6236139727277017,0.8798757335174319,0.1839080459770115,0.05460750853242321,0.08421052631578947
32,has_tail_shape::notched_tail,0.613344379246846,0.7050396962374871,0.35913978494623655,0.23082239115411196,0.2810265039966344
33,has_upper_tail_color::brown,0.633259575109437,0.825681739730756,0.308411214953271,0.11161217587373168,0.16390728476821192
34,has_upper_tail_color::grey,0.565110939877587,0.7806351397997929,0.20051413881748073,0.07514450867052024,0.10932025227750526
35,has_upper_tail_color::black,0.6092613366834398,0.6691404901622368,0.430566330488751,0.3193325661680092,0.3666997026759167
36,has_upper_tail_color::white,0.6868749013815818,0.8677942699344149,0.3649122807017544,0.1509433962264151,0.2135523613963039
37,has_upper_tail_color::buff,0.601731911299989,0.9387297204004142,0.11627906976744186,0.015527950310559006,0.0273972602739726
38,has_head_pattern::eyebrow,0.5649876965550354,0.9552985847428375,0.0,0.0,0.0
39,has_head_pattern::plain,0.594407247648024,0.7418018639972386,0.31968503937007875,0.16022099447513813,0.21345951629863302
40,has_breast_color::brown,0.641776753074111,0.9326889886089058,0.16666666666666666,0.025423728813559324,0.04411764705882353
41,has_breast_color::grey,0.5504012762596513,0.9216430790472903,0.03571428571428571,0.004975124378109453,0.008733624454148471
42,has_breast_color::yellow,0.7569927173400011,0.8448394891266828,0.45714285714285713,0.2613768961493582,0.3325909428359317
43,has_breast_color::black,0.5914474039045944,0.8111839834311356,0.3333333333333333,0.12435765673175746,0.18113772455089822
44,has_breast_color::white,0.6278387414586917,0.6206420434932689,0.506439979392066,0.4421952316689159,0.47214217098943323
45,has_breast_color::buff,0.6020949142124112,0.8577839143942009,0.22169811320754718,0.06657223796033994,0.10239651416122005
46,has_throat_color::grey,0.535325404968965,0.9516741456679323,0.07692307692307693,0.0037174721189591076,0.0070921985815602835
47,has_throat_color::yellow,0.7108688336846247,0.8802209181912323,0.3590733590733591,0.1497584541062802,0.21136363636363636
48,has_throat_color::black,0.6033988272858859,0.7773558853986883,0.338768115942029,0.1681654676258993,0.2247596153846154
49,has_throat_color::white,0.6314635163594153,0.6430790472903003,0.493905977945444,0.4157303370786517,0.45145888594164457
50,has_throat_color::buff,0.6261722155462878,0.9306178805661028,0.21739130434782608,0.026595744680851064,0.04739336492890995
51,has_eye_color::black,0.8124855596710492,0.9618570935450466,0.9673100330377326,0.9941029306647605,0.9805234863840663
52,has_bill_length::about_the_same_as_head,0.6811784129400269,0.676389368312047,0.5347137637028014,0.44142785319255906,0.48361332966125037
53,has_bill_length::shorter_than_head,0.6878141178721752,0.666379012771833,0.7163561076604554,0.7678224687933426,0.7411969473825144
54,has_forehead_color::blue,0.6545255122699365,0.9521919226786331,0.15,0.011406844106463879,0.02120141342756184
55,has_forehead_color::brown,0.6043111698247559,0.8512254055919917,0.24481327800829875,0.07983761840324763,0.12040816326530612
56,has_forehead_color::grey,0.5439229676646175,0.8736624093890232,0.14864864864864866,0.03503184713375796,0.05670103092783505
57,has_forehead_color::yellow,0.6986639488072734,0.9143942008974801,0.2809917355371901,0.07674943566591422,0.12056737588652482
58,has_forehead_color::black,0.5506203814951935,0.627890921643079,0.3882783882783883,0.2863317125877904,0.32960199004975127
59,has_forehead_color::white,0.7631794048833164,0.9161201242664826,0.34615384615384615,0.17061611374407584,0.22857142857142856
60,has_under_tail_color::brown,0.6201885913650279,0.8203313772868485,0.3098159509202454,0.11014176663031625,0.16251005631536605
61,has_under_tail_color::grey,0.5782425569383407,0.8355195029340697,0.17703349282296652,0.04523227383863081,0.07205452775073028
62,has_under_tail_color::black,0.5875177471986661,0.598550224370038,0.45057979017117616,0.3800652072659525,0.41232945932289033
63,has_under_tail_color::white,0.7011378230934492,0.82861580945806,0.38085106382978723,0.20317820658342792,0.26498889711324947
64,has_under_tail_color::buff,0.6353927069086991,0.917155678287884,0.23333333333333334,0.04861111111111111,0.08045977011494253
65,has_nape_color::brown,0.6205396109902421,0.8803935105281325,0.2057142857142857,0.061016949152542375,0.09411764705882353
66,has_nape_color::grey,0.545985361600341,0.8104936140835347,0.20454545454545456,0.06877729257641921,0.10294117647058823
67,has_nape_color::yellow,0.7436731472249918,0.9316534345875043,0.3055555555555556,0.09322033898305085,0.14285714285714285
68,has_nape_color::black,0.5899506251474782,0.7440455643769417,0.3123123123123123,0.16869424168694241,0.21906266456029488
69,has_nape_color::white,0.7105215364770866,0.7973765964791163,0.4195046439628483,0.25327102803738316,0.31585081585081587
70,has_nape_color::buff,0.5876347333586643,0.9109423541594753,0.20652173913043478,0.04112554112554113,0.06859205776173286
71,has_belly_color::brown,0.600197271083347,0.9489126682775285,0.05555555555555555,0.007575757575757576,0.013333333333333334
72,has_belly_color::grey,0.5538847912397108,0.9118053158439765,0.07407407407407407,0.013574660633484163,0.022944550669216062
73,has_belly_color::yellow,0.7634537364773447,0.8481187435277874,0.48185483870967744,0.27726218097447797,0.35198821796759944
74,has_belly_color::black,0.6595033258368137,0.8719364860200207,0.30180180180180183,0.10244648318042814,0.15296803652968036
75,has_belly_color::white,0.6251763274532837,0.6063168795305488,0.5182616736014795,0.475,0.4956887021888127
76,has_belly_color::buff,0.5942528102270223,0.8579565067311011,0.1890547263681592,0.054441260744985676,0.08453837597330367
77,has_wing_shape::rounded-wings,0.5979794298868923,0.5730065585088022,0.5013274336283186,0.4568548387096774,0.4780590717299578
78,has_wing_shape::pointed-wings,0.5874403317341157,0.9004142216085605,0.14285714285714285,0.02321083172147002,0.03993344425956739
79,has_size::small_(5_-_9_in),0.6912907423521688,0.6953745253710735,0.7449004079673626,0.815554387808723,0.778627869058071
80,has_size::medium_(9_-_16_in),0.8349922455707675,0.8460476354849845,0.6023166023166023,0.445290199809705,0.5120350109409191
81,has_size::very_small_(3_-_5_in),0.6418534568054441,0.9112875388332758,0.19090909090909092,0.04708520179372197,0.07553956834532374
82,has_shape::duck-like,0.8707620591925438,0.954953400069037,0.4857142857142857,0.19767441860465115,0.2809917355371901
83,has_shape::perching-like,0.7579776856117442,0.7103900586813946,0.7524966261808367,0.7855734009580163,0.7686793493245107
84,has_back_pattern::solid,0.5828800655055368,0.5588539868829824,0.5600138360428918,0.5576989321391663,0.5588539868829824
85,has_back_pattern::striped,0.667906727822578,0.8543320676561961,0.28957528957528955,0.10204081632653061,0.15090543259557343
86,has_back_pattern::multi-colored,0.5720360701339342,0.9109423541594753,0.12371134020618557,0.02708803611738149,0.044444444444444446
87,has_tail_pattern::solid,0.5597778696264386,0.5624784259578874,0.4660377358490566,0.41321622751986614,0.43804034582132567
88,has_tail_pattern::striped,0.5828524563224093,0.9440800828443218,0.06896551724137931,0.006688963210702341,0.012195121951219513
89,has_tail_pattern::multi-colored,0.5979088228720753,0.8477735588539869,0.17699115044247787,0.05434782608695652,0.08316008316008316
90,has_belly_pattern::solid,0.6031804363238444,0.717811529168105,0.7766754403725451,0.8782051282051282,0.8243257762974106
91,has_primary_color::brown,0.6635064717712769,0.7814981014842941,0.38917089678510997,0.2026431718061674,0.2665121668597914
92,has_primary_color::grey,0.5740510716463059,0.759233690024163,0.28627450980392155,0.12404418011894647,0.17308832246591582
93,has_primary_color::yellow,0.7596448591799754,0.8458750431480843,0.46750524109014674,0.25870069605568446,0.3330843913368185
94,has_primary_color::black,0.625845232210019,0.6901967552640663,0.4213780918727915,0.2949907235621521,0.34703528555838487
95,has_primary_color::white,0.6943801739857993,0.7780462547462893,0.43405889884763127,0.2865595942519019,0.34521384928716903
96,has_primary_color::buff,0.6045976014243237,0.8969623748705557,0.16037735849056603,0.03238095238095238,0.05388272583201268
97,has_leg_color::grey,0.5941963994188135,0.7279944770452192,0.3263157894736842,0.18902439024390244,0.23938223938223938
98,has_leg_color::black,0.57651400446487,0.6879530548843631,0.37194473963868224,0.22335673261008296,0.27910685805422647
99,has_leg_color::buff,0.6142979035994801,0.8610631687953055,0.20320855614973263,0.05475504322766571,0.08626560726447219
100,has_bill_color::grey,0.5787772259960515,0.8515705902657922,0.2304147465437788,0.06729475100942127,0.10416666666666667
101,has_bill_color::black,0.5661261451047254,0.5440110459095616,0.5436077057793345,0.536838464199239,0.5402018795683954
102,has_bill_color::buff,0.6576870388144898,0.9470141525716258,0.23076923076923078,0.03146853146853147,0.055384615384615386
103,has_crown_color::blue,0.6682179411376026,0.9458060062133241,0.16129032258064516,0.017064846416382253,0.030864197530864196
104,has_crown_color::brown,0.6129984956503711,0.8381083879875734,0.26640926640926643,0.08445532435740515,0.12825278810408922
105,has_crown_color::grey,0.5359518262014847,0.8686572316189162,0.16071428571428573,0.04173106646058733,0.06625766871165645
106,has_crown_color::yellow,0.6894246216894824,0.9375215740421126,0.19047619047619047,0.03715170278637771,0.06217616580310881
107,has_crown_color::black,0.5668322358627695,0.6406627545736969,0.4157973174366617,0.30064655172413796,0.34896810506566606
108,has_crown_color::white,0.7324617200650733,0.9140490162236796,0.29347826086956524,0.12796208530805686,0.1782178217821782
109,has_wing_pattern::solid,0.5923153783281653,0.6777701070072488,0.39126559714795006,0.270486752926679,0.31985428051001824
110,has_wing_pattern::spotted,0.7533265584581712,0.9525371073524336,0.29411764705882354,0.05905511811023622,0.09836065573770492
111,has_wing_pattern::striped,0.6396649916247905,0.7616499827407663,0.352755905511811,0.18760469011725292,0.2449425915800984
112,has_wing_pattern::multi-colored,0.5888493044822257,0.7274767000345185,0.2978723404255319,0.16228748068006182,0.21010505252626313
